,1. open,2. high,3. low,4. close,5. volume,IWO_5d_EMA,IWO_10d_EMA,IWO_150d_EMA,EMA_8,EMA_21,SMA_50,SMA_200
2021-01-21,383.03,387.21,372.03,382.81,5180798.0,311.061,307.0653,248.0636,385.7469,384.5969,404.6316,331.3942
2021-01-20,399.11,399.53,378.3187,382.8,5713892.0,310.5865,305.9665,247.2052,385.3289,384.3355,407.005,330.0841
2021-01-19,391.01,396.77,385.5101,393.87,5709437.0,308.6048,304.0591,246.3013,381.2714,382.8161,409.0014,328.7288
2021-01-15,397.71,404.44,382.0701,384.53,12799509.0,306.3321,302.0388,245.404,376.8432,381.4207,410.7648,327.4124
2021-01-14,371.0,384.95,370.5,383.24,9310967.0,305.9232,300.903,244.5752,368.9585,379.1188,411.9136,326.1132
2021-01-13,360.0,384.23,348.6512,364.63,14056546.0,302.9948,298.4859,243.6731,364.3894,378.5357,413.7546,324.9374
2021-01-12,333.2,358.9,331.1,356.81,8890435.0,301.5422,296.8384,242.8378,358.7207,377.9662,415.989,323.8247
2021-01-11,344.98,349.96,336.85,337.71,3360357.0,298.6433,294.5047,241.972,358.6695,379.8729,419.3201,322.8051
2021-01-08,345.2,350.0,340.34,349.61,5009213.0,296.6349,292.6924,241.1574,361.1579,382.8641,423.398,321.7885
2021-01-07,346.0,354.48,341.6,342.5,5601170.0,293.1874,290.284,240.3202,364.3459,386.1505,427.198,320.7835
2021-01-06,351.0,352.94,341.92,344.41,7124614.0,288.8511,287.7115,239.4942,367.1647,389.3176,430.9305,319.7861
2021-01-05,360.39,365.01,349.0,360.83,4983521.0,286.1817,286.2719,238.76,371.2289,392.9554,434.4117,318.8461
2021-01-04,340.4,363.09,339.2,359.98,8598300.0,286.2925,286.3412,238.1264,373.0058,395.7499,437.7201,317.701
2020-12-31,351.77,351.83,336.1,337.32,6559744.0,288.1888,287.1948,237.5308,375.8389,399.0159,441.4915,316.5467
2020-12-30,358.42,358.7,345.4,353.4,5474464.0,288.9332,287.3047,236.8708,382.6985,403.7345,445.9687,315.3825
2020-12-29,350.6597,359.9072,350.13,353.75,6080283.0,289.3548,287.1302,236.1833,389.5553,408.2379,450.5715,314.1582
2020-12-28,370.4,373.28,349.0197,351.39,9418598.0,291.6021,287.6347,235.5299,398.0261,413.071,454.6824,312.958
2020-12-24,383.88,384.88,375.0,375.17,3850734.0,291.6882,286.7913,234.7796,405.0965,417.0501,458.0178,311.6606
2020-12-23,402.0,402.6,378.58,383.88,9554390.0,290.3673,285.1161,233.9803,410.8726,420.2671,460.7162,310.3055
2020-12-22,408.5,413.5,396.5,409.0,4218767.0,288.1209,282.9508,233.1631,413.2362,422.0338,463.0642,308.8625
2020-12-21,418.07,427.7594,404.58,408.97,8557350.0,285.1964,280.502,232.3469,413.1608,422.8872,464.9164,307.364
2020-12-18,403.8,408.11,398.25,406.01,6174772.0,283.3896,278.6558,231.589,408.9898,422.4,466.3392,305.8077
2020-12-17,408.72,409.03,399.56,401.62,3792528.0,281.3644,276.7038,230.8393,409.2411,423.829,467.9668,304.3771
2020-12-16,400.4861,406.5579,393.46,404.0,4158539.0,278.6116,274.4446,230.0872,409.3015,425.3089,469.5362,302.9811
2020-12-15,398.505,410.32,395.08,399.43,5144653.0,276.8173,272.7212,229.3877,410.0854,427.184,471.163,301.5482
2020-12-14,388.95,396.75,376.68,395.99,6820120.0,273.901,270.5148,228.6728,410.0183,428.8704,472.8946,300.0926
2020-12-11,395.35,397.3393,384.6136,397.01,4677441.0,272.5815,269.1759,228.0303,413.8093,432.0824,475.1094,298.6814
2020-12-10,382.73,399.0,380.27,397.96,4572146.0,271.6995,268.0271,227.4086,418.515,435.5567,476.8373,297.3043
2020-12-09,406.7478,409.99,381.5,385.36,8956659.0,269.9021,266.4121,226.7659,424.0907,439.2124,478.4884,295.8993
2020-12-08,408.87,419.5,406.75,412.0,5319440.0,269.2487,265.3462,226.1693,428.1194,442.1346,480.0846,294.4059
2020-12-07,411.0,416.8,405.4538,407.85,4427276.0,266.4407,263.2309,225.5157,430.5821,444.3981,482.09,292.8674
2020-12-04,409.26,418.88,408.1861,410.01,4447314.0,264.5859,261.6933,224.9166,434.5199,447.1579,483.754,291.3334
2020-12-03,413.0,419.17,405.02,413.54,6306724.0,262.5181,260.1314,224.3286,438.9884,449.9857,485.4214,289.7604
2020-12-02,399.0,424.55,394.57,412.86,10962837.0,261.8985,259.3257,223.7993,444.6508,453.0673,487.6328,288.2183
2020-12-01,434.72,434.99,401.72,406.31,20694206.0,261.7483,258.6872,223.2839,450.3939,455.919,489.0398,286.621
2020-11-30,485.7,486.83,460.0,478.36,16646500.0,261.0835,257.7115,222.7497,454.795,458.0119,489.74,284.9367
2020-11-27,453.99,472.04,449.0,471.61,7276411.0,260.4759,256.6921,222.2189,445.6421,455.1301,488.8434,282.9611
2020-11-25,435.85,448.48,433.3301,443.72,8763739.0,258.5455,254.9933,221.6535,438.0999,453.4391,487.759,281.0606
2020-11-24,421.505,438.8323,420.01,427.55,6046794.0,257.2532,253.6296,221.1237,435.1341,453.935,487.1778,279.2657
2020-11-23,432.01,436.513,417.88,430.28,8486030.0,255.5395,252.0627,220.5927,434.0775,455.4453,486.6711,277.524
2020-11-20,418.55,445.3,415.56,439.6,12586597.0,253.6682,250.4583,220.0734,433.3817,457.3385,486.0281,275.7913
2020-11-19,408.99,427.89,407.5,414.29,8007026.0,252.6243,249.2811,219.5944,429.9764,458.5424,485.1371,274.0178
2020-11-18,399.0,423.5,390.22,415.04,10974220.0,251.7276,248.1396,219.127,430.5725,461.6076,484.7357,272.3256
2020-11-17,406.29,411.5,396.32,401.63,6972081.0,251.6013,247.2861,218.686,432.5932,465.4184,484.1616,270.6629
2020-11-16,382.6,400.8,375.1,399.15,12054432.0,249.5588,245.4195,218.1894,438.6199,470.8102,483.2416,269.0719
2020-11-13,425.99,428.4685,396.87,403.58,11773787.0,247.2993,243.4954,217.7076,449.4256,477.8112,482.9458,267.5126
2020-11-12,427.85,435.75,419.61,428.64,14935982.0,245.6031,241.8962,217.2649,455.4133,482.7455,482.5745,265.7536
2020-11-11,391.65,419.8,385.0,413.34,16691084.0,244.8718,240.7474,216.8649,461.0314,487.4451,482.7729,263.9489
2020-11-10,412.5035,414.45,366.28,376.01,20751949.0,242.4313,238.7462,216.4234,472.8118,494.2096,483.9369,262.2206
2020-11-09,433.0,446.47,402.0,413.24,18033547.0,240.2239,236.9463,216.0151,489.4866,502.1855,482.1659,260.5107
2020-11-06,494.66,505.88,482.73,500.11,4265950.0,237.9767,235.2192,215.6298,501.777,507.7571,479.3081,258.639
2020-11-05,497.99,499.35,480.761,496.73,6379939.0,235.7896,233.6343,215.2711,500.6048,507.9448,475.2209,256.4906
2020-11-04,471.92,484.94,455.4,483.7,8048450.0,231.7149,231.3443,214.8863,500.9633,508.8043,471.2739,254.3737
2020-11-03,456.3284,461.88,445.01,451.51,6496995.0,228.939,230.0283,214.5859,505.5413,511.1907,467.4495,252.3345
2020-11-02,462.29,477.0,440.0,453.0,8051893.0,226.9878,229.4031,214.3409,518.016,516.1218,464.0893,250.4107
2020-10-30,481.5,495.95,457.0201,460.91,8715083.0,227.4671,230.1529,214.184,529.7349,520.034,460.4687,248.4102
2020-10-29,521.19,525.455,483.5,489.68,9207566.0,229.7394,231.7597,214.0667,539.3877,522.4424,456.3673,246.3244
2020-10-28,549.5,553.8594,511.5001,516.01,8810070.0,231.0002,232.769,213.8902,543.3685,522.1411,451.45,244.086
2020-10-27,525.22,540.0,513.3,538.99,7227645.0,233.7755,234.3955,213.735,540.371,518.9693,445.9284,241.6923
2020-10-26,520.4885,541.105,510.31,517.79,10080795.0,234.6071,234.9029,213.4883,540.477,516.8662,440.4872,239.3702
2020-10-23,522.33,526.9999,505.41,511.52,5377118.0,235.8644,235.5274,213.2386,540.2976,514.4423,434.7137,237.0337
2020-10-22,521.78,530.4299,503.47,520.54,8100869.0,235.438,235.263,212.9235,544.097,513.1865,429.1757,234.7687
2020-10-21,535.88,551.66,511.78,513.19,9215428.0,235.3478,235.184,212.6188,548.0019,511.4622,423.3551,232.483
2020-10-20,572.33,575.69,534.59,537.02,12098179.0,236.9106,235.8422,212.3557,546.9567,507.4424,417.2315,230.0889
2020-10-19,572.5,588.84,562.55,568.34,15193234.0,237.7565,235.9808,212.0488,538.7472,500.6177,410.9465,227.5629
2020-10-16,544.0,565.45,543.25,559.0,13745750.0,238.7106,236.0102,211.7293,524.4349,491.7954,404.5297,224.9621
2020-10-15,509.08,540.05,506.5,536.4,16520601.0,238.5386,235.3337,211.3626,512.7163,484.43,398.7103,222.481
2020-10-14,518.78,519.8,498.6,509.25,8327654.0,238.011,234.3869,210.9836,504.9067,478.868,393.4112,220.1217
2020-10-13,494.0,520.0,493.0,518.79,8941474.0,237.9536,233.5561,210.6193,500.6515,474.7748,388.399,217.8586
2020-10-12,501.43,506.11,490.4779,491.54,6979462.0,236.4741,231.9214,210.2127,495.1234,470.2522,383.421,215.5984
2020-10-09,487.99,498.9,484.08,492.41,8719691.0,234.3299,229.9566,209.8026,491.9843,466.6665,378.4028,213.4088
2020-10-08,484.0,489.49,475.58,478.55,4193060.0,231.8576,227.886,209.407,490.0084,463.4431,373.5513,211.2487
2020-10-07,482.5,487.5,477.11,480.61,4449496.0,229.3879,225.9058,209.0394,490.1566,460.8384,368.9601,209.1387
2020-10-06,480.51,487.8999,473.2229,478.25,6097682.0,226.5972,223.8917,208.6913,490.9156,458.1723,364.3883,207.0436
2020-10-05,493.97,496.9,475.26,485.37,7534656.0,224.8436,222.511,208.4039,491.7772,455.1995,359.6897,204.9464
2020-10-02,485.005,507.4899,481.0,482.23,12791720.0,222.0433,220.7481,208.108,490.3135,451.0295,354.7559,202.8026
2020-10-01,477.0,483.73,465.0,482.99,7859345.0,221.244,220.1051,207.8995,485.406,445.3834,349.9041,200.5983
2020-09-30,464.21,481.5552,462.0,470.11,8971123.0,219.5208,219.0861,207.6742,485.8849,441.5487,345.5375,198.5116
2020-09-29,488.13,489.8,463.0,465.5,15241179.0,218.644,218.5998,207.4916,487.1219,437.5481,341.3014,196.4226
2020-09-28,502.41,519.77,479.57,487.66,17621339.0,217.5536,218.1054,207.3126,486.3568,432.3229,336.9324,194.2947
2020-09-25,474.87,500.0,474.87,496.5,12906775.0,216.0378,217.5543,207.1345,476.8101,423.5782,331.5558,192.0181
2020-09-24,487.01,502.25,457.69,464.98,17896568.0,215.8368,217.802,207.0096,470.1844,415.936,326.6158,189.8473
2020-09-23,489.49,529.74,483.2534,500.53,27051300.0,217.5081,218.9816,206.936,461.0229,407.3046,321.7208,187.6724
2020-09-22,477.0,494.8999,458.75,492.6,16440579.0,219.7305,220.2967,206.8537,441.3894,395.0611,316.4326,185.3491
2020-09-21,434.0,470.0,434.0,468.47,16843837.0,219.9664,220.5274,206.6872,426.1007,385.0772,312.1546,183.2283
2020-09-18,419.8,442.0,407.5,438.73,22315720.0,221.6367,221.3944,206.5538,413.558,376.5849,308.3178,181.2328
2020-09-17,389.0,417.82,387.0,413.125,9260430.0,221.4544,221.2595,206.3464,405.4317,370.0434,304.9318,179.3755
2020-09-16,406.2738,419.42,404.22,408.17,6746892.0,221.2008,221.1035,206.1368,401.8922,365.2658,301.9459,177.6589
2020-09-15,410.0,413.5,391.0501,410.94,8495611.0,219.853,220.4829,205.8985,396.8843,359.8503,298.8865,175.9365
2020-09-14,391.7449,404.36,386.13,403.51,7963100.0,218.699,220.11,205.6802,392.1369,354.4854,296.1181,174.2482
2020-09-11,389.13,400.7504,373.05,383.0,9297631.0,217.4667,219.8758,205.4723,388.6446,349.4979,293.3069,172.6052
2020-09-10,400.0,407.82,378.36,384.48,11932129.0,218.7699,220.9904,205.3463,385.1858,344.3727,290.5119,170.9768
2020-09-09,369.75,394.7992,362.1234,389.65,17325783.0,219.9068,221.9891,205.1967,378.7189,338.0279,287.4921,169.3077
2020-09-08,350.7,365.4999,345.68,350.88,7966481.0,220.3456,222.6468,205.011,374.1245,332.3508,284.7141,167.6934
2020-09-04,375.5,386.01,346.76,369.89,13230097.0,223.128,224.3949,204.8799,376.5887,329.0359,282.6365,166.2245
2020-09-03,399.55,409.9,367.0,381.32,20304337.0,225.701,225.82,204.704,373.8969,323.3385,280.1221,164.6461
2020-09-02,445.67,445.67,410.0,423.56,18866825.0,227.9946,226.8658,204.4837,363.6103,314.6823,277.0991,162.9523
2020-09-01,439.51,478.0,410.68,457.69,53346788.0,226.8074,226.0872,204.1363,340.1646,301.5836,273.2812,161.0794
2020-08-31,304.01,325.8998,301.27,325.1,23468139.0,225.929,225.5368,203.8084,300.7831,283.9419,268.8192,159.0302
2020-08-28,299.22,303.58,297.26,299.27,5353424.0,225.933,225.4514,203.5116,293.6069,279.7461,267.1726,157.7432
2020-08-27,295.69,301.52,290.33,294.68,5560590.0,225.3705,225.0944,203.1955,290.7574,277.3628,265.9532,156.5756
2020-08-26,293.0,302.0,290.85,295.27,5692064.0,225.5141,225.0969,202.9017,287.6824,274.947,264.8004,155.4189
2020-08-25,279.0,293.7216,275.8101,290.44,4602867.0,225.6148,225.049,202.6009,283.5917,272.2417,263.6304,154.2589
2020-08-24,293.0,293.87,274.1059,282.28,6463517.0,225.4518,224.8508,202.2876,280.6974,270.0938,262.5478,153.1337
2020-08-21,291.0,295.97,286.9442,289.68,5250117.0,225.7707,224.8589,201.9852,276.9338,267.7161,261.2994,152.0
2020-08-20,274.45,290.88,273.99,290.69,9318392.0,226.1393,224.8202,201.6759,271.4949,264.8907,260.02,150.8744
2020-08-19,274.6849,279.59,270.3221,273.51,4674004.0,225.9542,224.4448,201.3425,265.9563,262.2918,258.633,149.7743
2020-08-18,271.72,277.78,265.5,276.8,6517049.0,225.5469,223.9283,201.0012,262.0609,260.562,257.253,148.7291
2020-08-17,248.7,267.94,248.51,266.15,8837495.0,225.1604,223.3968,200.6614,257.5697,258.8402,255.9262,147.6906
2020-08-14,249.44,252.4299,242.4,244.91,3662809.0,224.3213,222.632,200.31,254.6068,257.9302,254.7462,146.7013
2020-08-13,238.15,250.1,238.15,247.25,4749728.0,224.3044,222.249,199.9873,255.2287,258.4803,254.1576,145.7747
2020-08-12,232.3,239.4,230.75,236.72,3932256.0,223.511,221.4397,199.6396,256.6941,259.3183,253.6448,144.8616
2020-08-11,245.48,245.48,230.0,231.04,9730520.0,223.0241,220.763,199.3061,261.6353,261.3101,253.1106,143.9895
2020-08-10,259.14,261.44,244.54,250.0,5714036.0,223.1614,220.3216,198.9914,266.2511,262.8931,252.3184,143.0918
2020-08-07,266.45,268.0,252.79,258.73,5024681.0,222.021,219.1836,198.6363,267.6257,263.0384,250.6894,142.1033
2020-08-06,273.87,274.48,263.91,268.25,3602884.0,220.405,217.8349,198.2791,267.5187,262.5423,248.7174,141.0863
2020-08-05,266.29,275.0939,262.52,272.9,4517659.0,218.9236,216.6054,197.9423,265.5298,261.3485,246.4722,140.0464
2020-08-04,268.0,269.19,262.0,267.34,3087253.0,216.7415,215.1204,197.6021,262.7972,259.974,244.3641,139.0056
2020-08-03,256.83,271.1,256.11,268.0,6787878.0,215.3831,214.1564,197.3087,260.9706,259.0524,242.4981,137.9996
2020-07-31,253.5,255.2,248.3601,253.91,3381064.0,213.8193,213.1888,197.0241,258.0765,257.8476,240.6321,136.9939
2020-07-30,250.3135,256.3263,239.32,250.0,7926051.0,213.972,213.1165,196.8028,258.8984,258.1124,239.0409,136.0742
2020-07-29,255.55,259.93,251.15,252.39,3333748.0,213.3134,212.6337,196.5547,259.6333,258.291,237.3916,135.1488
2020-07-28,252.7,258.91,251.32,252.18,3366216.0,212.6497,212.1876,196.3119,259.5485,258.1271,235.6618,134.2136
2020-07-27,249.28,252.97,246.22,252.33,3328563.0,213.4443,212.4381,196.1139,259.731,258.0488,233.9924,133.288
2020-07-24,246.2,250.21,237.2,246.56,4303198.0,212.8659,211.9575,195.8658,261.6627,258.5567,232.349,132.3984
2020-07-23,260.84,264.9,249.21,251.5,4589358.0,213.9332,212.23,195.6662,264.9349,259.3913,230.7748,131.5291
2020-07-22,261.95,265.4,255.81,261.18,4581585.0,213.7938,211.7895,195.4173,264.9448,258.8405,228.8414,130.5918
2020-07-21,268.75,269.75,258.2,260.44,4747196.0,213.1507,211.0583,195.1534,264.8148,258.1845,226.8934,129.6537
2020-07-20,246.487,271.35,245.99,268.58,9739211.0,212.256,210.1957,194.8878,263.4047,257.028,224.7216,128.6974
2020-07-17,247.17,250.937,241.29,246.54,4626550.0,210.9988,209.179,194.6209,261.1346,255.5957,222.5346,127.7195
2020-07-16,250.39,253.0,243.43,248.54,5420132.0,209.6863,208.1914,194.3658,264.0482,256.0616,220.5307,126.8523
2020-07-15,253.7,257.5,248.12,256.22,6073639.0,208.7499,207.443,194.135,267.2048,256.3678,218.4395,125.9723
2020-07-14,260.96,265.33,240.45,260.01,8713138.0,206.348,206.085,193.8744,269.9776,256.2546,216.1891,125.0839
2020-07-13,278.63,281.0,256.338,260.3,9293047.0,205.8867,205.8216,193.6946,271.3055,255.347,213.7151,124.1604
2020-07-10,271.77,278.16,268.64,275.87,6355090.0,207.1447,206.3662,193.5647,268.5357,252.7817,210.9711,123.1553
2020-07-09,269.01,272.7,264.22,269.52,5396139.0,206.9671,206.1142,193.3776,265.7859,250.2439,208.4279,122.1792
2020-07-08,263.8,268.528,261.29,266.32,6012952.0,207.1595,206.0102,193.2004,263.8104,247.9983,206.2939,121.2337
2020-07-07,261.55,266.45,258.1,262.1,7819740.0,206.4059,205.4199,192.9928,262.4626,245.9453,204.2803,120.3178
2020-07-06,265.0,275.08,259.32,261.0,12250207.0,206.4673,205.2281,192.8144,261.3233,243.8948,202.5813,119.4123
2020-07-02,261.0,263.8,258.0,261.74,5629042.0,205.4972,204.5215,192.6051,257.3928,240.7763,200.4747,118.4669
2020-07-01,251.35,261.0,247.21,259.13,6803313.0,204.5906,203.9018,192.4077,255.5622,238.474,198.2443,117.572
2020-06-30,249.87,256.83,248.35,253.54,6305519.0,203.7195,203.3615,192.2208,254.0085,236.2214,196.1193,116.6719
2020-06-29,254.97,255.9,243.59,248.56,8436437.0,202.4177,202.7034,192.0315,253.2024,234.1605,194.0827,115.8002
2020-06-26,260.52,261.62,250.36,256.8,17142899.0,202.0409,202.5994,191.882,252.4317,231.9865,192.0405,114.9339
2020-06-25,258.23,260.29,252.6601,259.51,7490491.0,203.7347,203.4763,191.7911,249.8064,229.0232,189.8931,114.0351
2020-06-24,254.5,258.75,248.6,255.9,9862774.0,203.6822,203.3956,191.6294,246.8111,225.8965,187.7387,113.1398
2020-06-23,251.26,254.775,247.57,252.81,8791498.0,205.0447,203.9375,191.5042,243.4,222.6112,185.4677,112.2757
2020-06-22,247.465,254.9,247.29,251.27,11093697.0,203.857,203.1635,191.2905,240.15,219.3948,183.1094,111.4844
2020-06-19,241.64,243.57,238.7035,243.48,10077543.0,202.8833,202.5767,191.0957,235.9357,215.8442,180.5214,110.6818
2020-06-18,240.39,242.61,238.22,241.57,9340944.0,202.7842,202.4645,190.9348,233.7545,213.0717,178.1675,109.9439
2020-06-17,243.18,243.88,235.12,236.76,11704326.0,202.4908,202.2631,190.7679,231.2243,210.1178,175.6841,109.2021
2020-06-16,235.99,243.5,231.8206,242.56,11333313.0,202.1606,202.0657,190.6017,227.6084,206.7416,173.31,108.4448
2020-06-15,227.84,239.59,226.38,239.02,13959080.0,200.5132,201.3124,190.4023,223.0679,203.0658,171.0096,107.6907
2020-06-12,224.79,231.45,216.75,219.52,8780413.0,200.2164,201.3581,190.2586,218.3473,199.4134,168.8876,106.9496
2020-06-11,219.18,232.0,218.5,222.07,17615754.0,202.4832,202.6193,190.1858,214.6037,196.2097,167.1506,106.2608
2020-06-10,208.89,221.53,208.26,221.02,12241109.0,207.7057,204.9706,190.1609,209.6333,192.6307,165.5064,105.5683
2020-06-09,209.83,210.59,202.93,205.43,7521808.0,208.3399,204.6447,189.9425,206.2343,189.7407,164.3096,104.9313
2020-06-08,204.35,211.44,198.66,209.83,10457504.0,207.6034,203.4962,189.6757,204.9898,187.6558,163.1972,104.3559
2020-06-05,200.11,208.94,196.1,207.6,16298729.0,205.0198,201.4353,189.3658,203.1469,185.2774,161.9014,103.7696
2020-06-04,221.0,223.0,207.6,210.35,20212598.0,202.5684,199.5492,189.0898,201.4917,182.9111,160.7026,103.1927
2020-06-03,211.7,224.46,202.32,223.87,32390121.0,201.9235,198.5916,188.8916,195.3464,178.9023,159.3426,102.5587
2020-06-02,210.25,212.69,197.32,208.08,36853399.0,200.1595,197.0672,188.6693,187.0283,174.3465,158.1522,101.9114
2020-06-01,183.18,205.87,183.0,204.15,24394389.0,199.0172,195.8723,188.4844,179.6963,170.5121,156.618,101.3152
2020-05-29,168.0,179.99,167.86,179.48,15311278.0,198.0206,194.7306,188.3163,172.2182,166.9763,155.1452,100.7584
2020-05-28,159.23,169.4,159.2,163.55,6393691.0,197.7556,193.8817,188.1789,169.9976,165.675,153.9254,100.3396
2020-05-27,158.01,162.22,149.16,161.97,10076711.0,197.149,192.7512,188.0341,170.1684,165.3025,152.814,99.9635
2020-05-26,169.1,169.69,163.12,164.0,6689691.0,194.0882,190.4136,187.8296,172.4394,165.6107,151.967,99.6298
2020-05-22,171.86,175.89,170.2,171.06,4302150.0,191.8221,188.5898,187.6847,173.2249,165.2028,150.8492,99.2606
2020-05-21,175.96,177.8,168.36,172.03,5504189.0,190.2105,187.1552,187.5859,172.4634,164.1341,149.6088,98.8469
2020-05-20,173.53,175.64,170.53,175.48,6910014.0,188.5299,185.7294,187.5056,170.9387,162.7675,148.3326,98.4194
2020-05-19,167.0,173.86,166.21,173.68,8485526.0,186.0886,184.022,187.4263,169.5954,161.4802,147.0958,97.9971
2020-05-18,170.03,173.44,162.6418,164.69,9636750.0,184.966,183.0639,187.4141,168.377,160.2422,145.9486,97.6078
2020-05-15,166.75,175.44,166.56,174.83,8540460.0,181.6938,181.1868,187.3591,166.9304,158.9225,144.9198,97.2339
2020-05-14,168.26,170.8,162.89,167.91,6730504.0,181.2466,180.8755,187.4232,164.4991,157.2707,144.0076,96.8442
2020-05-13,163.61,171.5,159.17,167.14,11081302.0,182.4181,181.3136,187.5375,162.6989,155.9178,142.991,96.487
2020-05-12,168.0,168.23,160.05,161.04,7102604.0,184.4392,181.9665,187.6605,160.1843,154.3596,141.945,96.1445
2020-05-11,159.43,168.0,158.0,166.48,10142713.0,184.9017,181.6225,187.7161,157.8855,152.9725,140.8704,95.8258
2020-05-08,160.0,161.16,152.7046,155.4,7079101.0,182.638,179.8877,187.6931,154.9956,151.4698,139.949,95.4838
2020-05-07,154.84,162.0,154.04,157.8,8388863.0,179.9594,178.086,187.6891,153.2344,150.5008,139.0858,95.1674
2020-05-06,145.47,150.74,144.09,149.59,6031085.0,178.8741,177.1873,187.7637,150.7299,149.3508,138.0718,94.8481
2020-05-05,144.43,148.44,140.86,144.82,7376349.0,178.4161,176.609,187.8707,150.727,149.2119,137.293,94.5817
2020-05-04,140.77,144.98,140.4495,143.44,9184748.0,177.9234,175.9884,187.9844,151.3805,149.2891,136.5242,94.3285
2020-05-01,136.0,141.63,132.67,138.56,13806992.0,178.6381,175.8761,188.1387,153.2092,149.72,135.7104,94.1011
2020-04-30,139.99,143.8,133.6801,135.17,16682256.0,180.5367,176.1061,188.3171,156.5175,150.529,135.0928,93.9029
2020-04-29,147.98,151.0,143.38,146.48,22033320.0,180.0189,174.8914,188.4077,160.1511,151.2019,134.3184,93.6864
2020-04-28,165.0,166.0,155.25,156.72,13477842.0,175.722,171.8422,188.4049,162.7656,151.2221,133.2612,93.4346
2020-04-27,156.59,167.85,155.0,164.6,19783693.0,173.2299,169.8724,188.5083,161.8415,149.7443,131.7754,93.0793
2020-04-24,177.15,181.5,158.3,158.8,44049511.0,170.1391,167.7526,188.6304,160.1248,147.9337,130.257,92.706
2020-04-23,154.01,169.75,153.49,169.09,22159845.0,168.4206,166.4585,188.8324,154.0177,144.5771,128.417,92.2658
2020-04-22,147.1,152.28,145.1,150.25,6552834.0,167.5257,165.6247,189.0824,149.5227,142.0598,126.832,91.8734
2020-04-21,151.42,154.75,138.36,143.27,9709142.0,167.1094,165.0173,189.3606,148.7349,141.0378,125.586,91.5759
2020-04-20,153.3,155.0,148.2535,148.99,11218689.0,167.9438,164.9232,189.6817,147.0163,139.6666,124.303,91.262
2020-04-17,147.91,153.7894,144.03,150.06,11328414.0,166.8902,163.7836,189.9451,144.7352,138.1333,122.9918,90.94
2020-04-16,149.92,154.25,146.8,150.26,15138170.0,164.7421,162.1386,190.1969,142.1483,136.5676,121.7355,90.6053
2020-04-15,141.71,152.57,140.0,151.56,14193277.0,164.9007,161.6305,190.5429,138.6907,134.7994,120.5165,90.273
2020-04-14,141.07,145.2,139.01,141.89,11679919.0,165.1685,161.0228,190.8943,134.7252,133.0223,119.2439,89.9712
2020-04-13,127.0,136.86,125.6035,135.92,15411680.0,162.4235,158.8816,191.1659,131.7324,131.8046,117.8733,89.7068
2020-04-09,117.8,125.5,114.0,124.51,15512973.0,160.7157,157.3355,191.5058,130.2674,131.299,116.6321,89.4679
2020-04-08,115.02,125.8779,112.5,117.81,26243288.0,156.4065,154.6691,191.8034,131.6295,131.8789,115.6049,89.2979
2020-04-07,118.005,118.44,109.5707,113.75,20166162.0,153.1093,152.8176,192.1901,133.2728,132.479,114.5369,89.176
2020-04-06,113.63,125.1747,108.5301,122.94,25378936.0,151.609,152.086,192.6743,137.5108,133.8829,113.6107,89.0915
2020-04-03,124.3,128.48,120.11,128.2,12238129.0,149.229,151.1342,193.1617,141.0354,134.7538,112.6309,89.0023
2020-04-02,125.3,133.4889,114.5,121.93,27313753.0,151.345,152.498,193.8082,144.6226,135.3811,111.5807,88.8821
2020-04-01,144.5,144.6,135.18,137.0,11453262.0,152.6668,153.3417,194.4136,147.8037,135.5704,110.4531,88.7247
2020-03-31,147.02,149.79,143.3568,146.12,10023701.0,155.6005,154.7955,195.0528,148.719,134.6674,109.1035,88.5139
2020-03-30,160.76,161.69,147.2,150.88,15762176.0,154.6486,154.1936,195.5568,148.4131,133.1551,107.6457,88.2878
2020-03-27,145.7,154.97,145.6,151.7,13271899.0,152.6533,153.2057,196.0523,144.6196,130.3017,105.9877,88.0052
2020-03-26,140.51,146.65,138.2,141.15,9284038.0,151.607,152.8634,196.6067,141.6624,127.8348,104.4439,87.7513
2020-03-25,140.105,149.0,136.2,138.11,14743014.0,146.9806,151.0864,197.0866,140.2374,125.9533,103.0132,87.5241
2020-03-24,154.0,155.0,133.88,135.18,22401325.0,144.3974,150.8508,197.6898,137.7338,123.6486,101.5448,87.309
2020-03-23,141.9965,164.94,137.25,159.56,27681459.0,141.1385,150.8365,198.3176,132.8005,120.5135,99.9208,87.0284
2020-03-20,129.0,135.98,124.0,130.55,13872634.0,142.8881,153.7692,199.1321,123.6178,116.0709,98.102,86.6025
2020-03-19,122.95,132.23,119.1,123.77,16248378.0,145.5026,157.3492,199.9572,120.0858,114.0799,96.8482,86.3256
2020-03-18,111.0,119.0,108.85,118.71,13557675.0,147.5114,160.8746,200.7421,116.616,112.2649,95.6603,86.0588
2020-03-17,107.33,113.83,102.0,111.1,18721520.0,153.9032,166.685,201.6282,115.9349,111.5914,94.6902,85.8735
2020-03-16,105.0,119.87,103.2,107.86,17210658.0,158.0802,171.3818,202.3809,116.5363,111.3676,93.7872,85.7202
2020-03-13,113.0,113.8,104.16,107.47,9233528.0,167.4112,178.4848,203.2261,115.5838,110.5173,92.7745,85.5257
2020-03-12,106.25,113.8712,104.39,109.47,12097921.0,171.262,182.6571,203.8102,116.0935,110.1891,91.8621,85.3464
2020-03-11,108.41,113.99,107.0,110.3,12594394.0,181.5,189.7395,204.5219,116.7284,109.8208,90.9283,85.174
2020-03-10,113.8,113.8,105.0,108.49,10244041.0,187.4464,194.2134,204.9906,117.5108,109.4039,90.0077,85.0103
2020-03-09,105.0,116.5,100.88,113.75,14571293.0,190.5081,197.078,205.3083,118.571,108.9643,89.0955,84.8488
2020-03-06,119.65,122.0,107.0,114.32,22975681.0,197.5701,201.6766,205.6965,119.1628,108.2107,88.1032,84.6948
2020-03-05,110.25,129.83,110.0,125.0,28149364.0,199.7811,203.5718,205.865,118.3521,106.8318,87.0132,84.5333
2020-03-04,118.51,119.97,113.11,116.8,12102566.0,201.2592,205.0711,205.9863,115.0727,104.532,85.7862,84.3414
2020-03-03,114.55,119.2,112.11,117.47,11033675.0,200.4008,205.5367,206.0267,113.6735,102.9882,84.756,84.193
2020-03-02,109.35,114.4999,102.5,113.11,10157444.0,202.3478,207.5433,206.1545,112.0945,101.367,83.7348,84.0347
2020-02-28,121.07,121.93,97.37,105.0,21710989.0,203.256,209.1015,206.23,111.4072,100.0537,82.7772,83.8622
2020-02-27,109.43,118.0,107.6,113.55,13511847.0,206.9882,212.0593,206.3701,108.4007,97.8661,81.6664,83.637
2020-02-26,109.943,111.3,105.6,106.88,6885393.0,211.6575,215.2615,206.4871,105.6581,95.8527,80.5814,83.434
2020-02-25,108.52,111.8,104.4664,107.08,13425942.0,215.1388,217.6095,206.5112,104.0461,94.308,79.64,83.2762
2020-02-24,97.8,110.0,97.02,105.01,12172751.0,219.4613,220.0797,206.5114,101.8307,92.5588,78.693,83.1021
2020-02-21,104.03,104.29,98.09,101.76,5535908.0,222.1938,221.4316,206.4109,99.4966,90.8147,77.8096,82.9446
2020-02-20,104.0,110.75,101.43,105.29,11293189.0,222.8941,221.5734,206.2179,98.127,89.4671,77.0692,82.8134
2020-02-19,100.32,105.08,99.75,103.93,7793793.0,222.4787,221.0954,205.9829,94.5205,87.3388,76.1558,82.6636
2020-02-18,93.02,98.14,92.4,96.39,5669685.0,221.8011,220.4868,205.7433,91.5034,85.5647,75.4692,82.5395
2020-02-14,90.88,91.71,89.81,90.95,2295039.0,221.5349,220.0764,205.5206,89.6073,84.3072,74.9244,82.4282
2020-02-13,87.61,91.93,87.0,89.86,3406429.0,221.0958,219.5572,205.2939,89.0065,83.5669,74.5008,82.3544
2020-02-12,88.66,89.5,86.52,88.28,1671131.0,220.1292,218.7856,205.0558,88.1712,82.7306,74.1522,82.2574
2020-02-11,90.0,90.5,87.93,88.68,2731896.0,219.0618,218.0127,204.8248,87.7916,82.0537,73.861,82.1524
2020-02-10,89.09,89.98,86.91,89.67,2071618.0,218.2507,217.4191,204.612,87.0177,81.2091,73.5678,82.0348
2020-02-07,87.23,90.6,86.81,88.64,2636910.0,217.6402,216.9629,204.4125,86.1714,80.332,73.2836,81.9192
2020-02-06,87.0,89.44,85.26,87.26,2410793.0,217.7431,216.8581,204.2377,84.9061,79.3052,72.9728,81.8237
2020-02-05,85.77,90.97,83.755,86.99,5126835.0,216.6205,216.1625,204.0263,83.6106,78.2917,72.664,81.7473
2020-02-04,91.04,93.3,83.5,85.79,10611018.0,215.0011,215.341,203.8138,81.508,77.0238,72.2836,81.637
2020-02-03,77.69,88.94,77.51,87.66,13023449.0,213.8589,214.909,203.6329,78.1388,75.3962,71.8518,81.5005
2020-01-31,74.27,76.67,73.3,76.3,2521702.0,214.0785,215.2399,203.5016,75.0528,74.0418,71.4797,
2020-01-30,73.1,74.8,72.55,74.54,1425377.0,215.789,216.2582,203.4055,74.5907,73.779,71.3691,
2020-01-29,72.51,74.14,71.213,73.58,1374490.0,216.1836,216.5378,203.2499,74.5309,73.6769,71.2951,
2020-01-28,71.0,72.48,70.26,71.51,1598234.0,216.5568,216.7824,203.0863,74.6426,73.6306,71.1753,
2020-01-27,71.33,72.1317,70.32,70.44,1750696.0,216.6694,216.8826,202.9085,75.2605,73.7457,71.0958,
2020-01-24,74.97,76.185,72.3746,73.0,1660195.0,217.9662,217.5064,202.7586,76.1544,73.9071,71.0542,
2020-01-23,75.67,75.97,74.21,74.47,1279050.0,218.9029,217.8204,202.5796,76.1456,73.6793,70.9343,
2020-01-22,77.07,77.1056,75.46,75.61,1501614.0,218.8272,217.5463,202.3585,76.1958,73.4502,70.8149,
2020-01-21,75.56,77.12,74.32,76.73,1588867.0,218.6937,217.2023,202.1339,75.9359,73.0847,70.6464,
2020-01-17,76.66,76.9,75.49,75.56,1357419.0,218.6278,216.8416,201.9098,75.5976,72.6811,70.4466,
2020-01-16,78.0,78.79,75.11,76.11,2999426.0,217.7587,216.0584,201.6621,75.2255,72.2593,70.3256,
2020-01-15,73.28,77.78,73.2,76.94,3963465.0,216.0426,214.9178,201.3999,74.207,71.6062,70.1668,
2020-01-14,74.32,75.115,72.26,73.16,1910801.0,215.0287,214.2172,201.1762,73.1862,70.9888,70.0222,
2020-01-13,73.89,75.58,73.8,74.03,3333008.0,214.268,213.6988,200.9698,72.6351,70.5762,69.9215,
2020-01-10,73.08,73.8,72.25,73.09,1656235.0,213.6984,213.3191,200.776,71.7937,70.0758,69.8117,
2020-01-09,73.99,74.0,71.35,72.62,2776328.0,213.5942,213.1885,200.5998,71.2204,69.7034,69.6779,
2020-01-08,71.81,73.29,71.03,72.55,2483510.0,213.1049,212.881,200.4122,70.4263,69.2737,69.5473,
2020-01-07,70.29,72.8391,69.37,71.9,7004619.0,212.7587,212.6773,200.2325,69.6081,68.8721,69.3813,
2020-01-06,66.63,70.495,65.8116,70.32,3152028.0,212.8702,212.7088,200.0674,68.6849,68.4754,69.2433,
2020-01-03,67.62,68.68,67.1,67.28,1128483.0,212.8488,212.6634,199.895,68.1678,68.2734,69.1082,
2020-01-02,68.8,69.235,68.02,68.72,1315723.0,213.1943,212.7758,199.7304,68.0214,68.2328,69.0266,
2019-12-31,66.38,68.18,66.31,68.04,1352189.0,213.1808,212.6768,199.5493,67.6747,68.1326,68.9719,
2019-12-30,66.56,67.18,65.52,66.79,1162743.0,213.3346,212.6331,199.3704,67.5303,68.1278,68.9469,
2019-12-27,67.51,67.9599,66.51,66.64,955620.0,213.749,212.6614,199.1941,67.6303,68.2226,68.9633,
2019-12-26,66.5,68.19,66.3,67.45,1387945.0,213.8838,212.4796,199.0024,67.5362,68.2489,69.0031,
2019-12-24,66.3,66.885,65.74,66.46,562588.0,213.4102,211.9571,198.7899,67.3494,68.2547,69.0647,
2019-12-23,67.02,67.5,65.93,66.15,1664335.0,212.6997,211.3184,198.5746,67.4821,68.3917,69.1518,
2019-12-20,68.2,68.48,66.4147,66.93,2201429.0,211.9074,210.6593,198.3637,67.4769,68.4809,69.2596,
2019-12-19,67.75,68.46,67.1,68.18,1613189.0,211.1611,210.0503,198.1619,67.1903,68.481,69.3656,
2019-12-18,66.22,68.14,66.04,67.6,2237384.0,210.5733,209.5422,197.9716,66.8276,68.4831,69.4976,
2019-12-17,66.62,66.62,65.4,66.17,2301148.0,210.1089,209.1067,197.79,66.4526,68.5174,69.6619,
2019-12-16,63.59,66.39,63.56,66.35,3284172.0,209.5514,208.6362,197.6097,66.4048,68.7071,69.8781,
2019-12-13,62.5,63.75,62.02,63.54,2489582.0,208.9139,208.1495,197.4323,66.409,68.9388,70.1059,
2019-12-12,63.49,64.23,62.12,62.49,3321682.0,208.8117,207.9342,197.2754,67.1687,69.4577,70.4007,
2019-12-11,64.24,64.45,62.05,63.52,3686821.0,208.3064,207.5146,197.107,68.0084,69.9805,70.6317,
2019-12-10,65.49,65.83,63.39,64.57,3896467.0,208.183,207.2838,196.9534,69.025,70.5335,70.8925,
2019-12-09,62.39,67.27,62.33,65.94,5251707.0,207.9384,206.9752,196.7961,69.9379,71.0039,71.1159,
2019-12-06,64.26,65.08,62.11,62.74,11257628.0,207.6657,206.64,196.6392,70.7002,71.3773,71.367,
2019-12-05,70.03,70.75,69.22,69.67,3904978.0,206.8352,206.0429,196.4689,72.3059,72.007,71.6778,
2019-12-04,70.5,70.9,69.15,69.96,2076766.0,206.69,205.8023,196.3259,72.7505,72.1327,71.8626,
2019-12-03,66.72,70.53,66.05,70.02,2445706.0,206.3879,205.4708,196.1786,73.2792,72.256,72.1032,
2019-12-02,74.06,74.5,68.46,68.93,3161571.0,206.6981,205.4049,196.0499,74.0647,72.4286,72.3646,
2019-11-29,74.1,74.94,73.86,74.5,512643.0,207.1684,205.3266,195.9196,73.9403,72.2214,72.5816,
2019-11-27,75.81,75.84,73.36,74.08,1356274.0,206.6693,204.6954,195.7552,73.6546,71.9496,72.7898,
2019-11-26,75.0,75.77,74.76,75.16,1848973.0,205.2068,203.6068,195.5695,73.0302,71.5606,72.993,
2019-11-25,73.8,75.06,72.86,74.55,1943187.0,203.836,202.642,195.4033,72.2475,71.1396,73.174,
2019-11-22,72.0,74.0,71.15,73.16,3059878.0,202.1317,201.6192,195.2444,71.4439,70.7476,73.2926,
2019-11-21,71.5,71.95,69.58,69.92,1129235.0,202.1033,201.4927,195.1512,70.7136,70.4223,73.4621,
2019-11-20,69.25,71.71,68.55,70.99,2794193.0,202.2937,201.4416,195.0629,70.3603,70.2696,73.6761,
2019-11-19,70.19,70.332,68.19,69.64,1706045.0,202.0143,201.128,194.9584,69.9747,70.1255,73.8791,
2019-11-18,70.47,71.14,68.78,70.08,1676349.0,201.3968,200.6567,194.8471,69.8726,70.1049,74.0969,
2019-11-15,68.13,71.1,67.91,70.01,2316053.0,201.1695,200.3912,194.7531,69.5104,70.0013,74.3929,
2019-11-14,67.77,68.15,66.71,67.74,938903.0,200.7195,200.0182,194.6549,69.0563,69.8915,74.9009,
2019-11-13,68.0,68.5075,66.87,68.01,1987325.0,200.689,199.8488,194.5727,69.3152,70.0656,75.4255,
2019-11-12,68.5,70.05,67.56,68.0,1910953.0,200.663,199.6506,194.4899,69.546,70.2214,75.9754,
2019-11-11,69.51,70.19,67.76,68.39,1040564.0,200.4158,199.3157,194.4004,69.402,70.2386,76.4592,
2019-11-08,66.54,70.0,66.52,69.85,1478204.0,200.1491,198.9528,194.3125,69.1768,70.2434,76.9038,
2019-11-07,67.03,68.68,66.21,66.81,1129086.0,199.6995,198.4871,194.222,68.9417,70.2678,77.3574,
2019-11-06,66.95,67.13,65.36,66.83,1328637.0,199.4762,198.1184,194.1425,69.0164,70.4266,77.8114,
2019-11-05,70.71,70.85,66.68,66.89,1813895.0,199.4188,197.7912,194.0694,69.5554,70.7562,78.3426,
2019-11-04,70.81,70.85,69.01,70.12,1565768.0,198.6933,197.1071,193.9781,69.1855,70.7469,78.7956,
2019-11-01,69.86,70.55,68.02,70.39,3562840.0,197.8925,196.3987,193.8933,68.71,70.7365,79.2612,
2019-10-31,69.52,70.08,66.6,69.89,3413049.0,196.7558,195.5615,193.8091,68.1842,70.7552,79.7602,
2019-10-30,65.97,70.09,65.66,70.0,4672440.0,196.7312,195.2852,193.7689,67.6426,70.8227,80.2422,
2019-10-29,65.77,67.11,64.8,65.49,1825982.0,196.1937,194.7249,193.7147,66.9433,70.896,80.7118,
2019-10-28,63.96,67.47,62.26,66.56,3509294.0,195.2981,194.0005,193.6574,66.8957,71.2746,81.2936,
2019-10-25,64.33,64.99,62.79,63.45,1953670.0,194.3067,193.2715,193.6088,66.7316,71.655,81.8442,
2019-10-24,63.0,65.94,62.7601,64.52,3437110.0,193.7911,192.8123,193.5856,67.2292,72.3215,82.4132,
2019-10-23,61.33,63.74,60.9675,62.06,3609183.0,193.568,192.4956,193.5768,67.5975,72.9597,82.9848,
2019-10-22,64.2,64.6,61.02,62.0,4611123.0,193.3722,192.1703,193.5717,68.6997,73.8817,83.6345,
2019-10-21,65.29,66.5,64.1582,65.77,3076470.0,192.9991,191.7374,193.5643,69.871,74.8098,84.2261,
2019-10-18,66.26,66.93,64.53,66.08,4819363.0,192.157,191.0827,193.5493,70.8342,75.6408,84.8059,
2019-10-17,67.09,68.0,66.76,67.03,3579706.0,191.7414,190.6593,193.5568,71.9496,76.5119,85.3841,
2019-10-16,69.7,69.9499,66.51,67.69,6077995.0,190.4091,189.8267,193.5454,73.0781,77.3631,85.8873,
2019-10-15,68.76,71.27,68.38,71.11,10590632.0,189.6897,189.3775,193.5682,73.9719,78.1044,86.3341,
2019-10-14,70.46,71.24,69.55,70.8,2220769.0,188.4718,188.7668,193.5876,74.7438,78.7879,86.7325,
2019-10-11,71.37,72.89,70.9016,71.35,2392819.0,187.9684,188.6087,193.6427,75.7449,79.5426,87.2277,
2019-10-10,72.86,73.78,71.01,71.01,2284911.0,186.8565,188.2568,193.6891,76.5606,80.2079,87.7431,
2019-10-09,74.22,75.06,72.75,72.86,1493600.0,186.988,188.6264,193.7843,77.355,80.8507,88.2175,
2019-10-08,76.01,76.3544,72.58,73.59,3158040.0,187.4033,189.1751,193.8867,78.0108,81.4298,88.7033,
2019-10-07,76.99,77.43,75.0,76.99,1432473.0,188.5914,190.0968,194.0056,78.484,81.9373,89.2361,
2019-10-04,77.0,77.7831,75.28,76.53,1799740.0,188.6435,190.4546,194.0797,78.7852,82.388,89.7773,
2019-10-03,73.9,78.4897,73.39,76.83,2607615.0,188.4689,190.7794,194.148,79.0715,82.8485,90.2137,
2019-10-02,74.5,75.78,73.66,73.85,1388979.0,189.1637,191.6016,194.2428,79.2377,83.2844,90.6015,
2019-10-01,76.43,77.49,75.21,75.81,1384716.0,190.8058,192.8732,194.3551,80.2256,84.0348,91.0489,
2019-09-30,76.13,77.0,74.29,76.2,1358328.0,192.6244,194.1409,194.4516,81.0072,84.6893,91.4484,
2019-09-27,79.69,79.825,75.09,76.04,2350893.0,193.3992,194.8223,194.4969,82.1521,85.4583,91.8642,
2019-09-26,79.25,80.62,78.6154,79.75,928403.0,194.9134,195.8115,194.5523,82.8169,86.0216,92.2577,
2019-09-25,79.12,79.99,76.08,79.6,1938824.0,196.0248,196.505,194.5773,83.4446,86.5617,92.685,
2019-09-24,82.43,82.93,79.46,80.02,2147632.0,196.4922,196.8194,194.5704,84.4317,87.2189,93.0952,
2019-09-23,82.29,83.6,81.8,82.62,678853.0,197.9617,197.5453,194.584,84.8607,87.6478,93.4496,
2019-09-20,85.0,85.35,81.5,82.63,2054552.0,198.3751,197.6364,194.5498,85.2209,88.0526,93.6762,
2019-09-19,85.2,85.35,83.25,84.62,1276930.0,198.7082,197.6204,194.5074,85.184,88.3229,93.8332,
2019-09-18,84.4,86.0,83.5,84.55,1843660.0,199.0101,197.5128,194.4591,85.1366,88.6201,93.9952,
2019-09-17,81.49,84.82,79.53,84.64,2544440.0,198.9928,197.1724,194.3976,84.89,88.8822,94.1006,
2019-09-16,78.5,80.99,78.26,80.67,1630142.0,198.4277,196.5167,194.3207,84.9099,89.2884,94.26,
2019-09-13,81.57,82.4755,78.27,78.85,1416802.0,197.6394,195.7416,194.2444,86.0299,90.1182,94.4796,
2019-09-12,81.45,82.65,79.9,81.53,1955107.0,196.6945,194.8999,194.1735,87.0455,90.8825,94.6421,
2019-09-11,80.0,81.86,78.5,80.71,2013599.0,195.3611,193.9085,194.1038,88.3013,91.7057,94.7261,
2019-09-10,77.0,81.2206,76.81,80.35,2813163.0,193.4402,192.732,194.0354,90.1417,92.6903,94.8447,
2019-09-09,85.75,85.94,77.2,78.65,6713802.0,192.5427,192.1757,194.0193,92.6906,93.8373,95.0643,
2019-09-06,92.0,96.5,84.86,85.41,7289700.0,192.1216,191.907,194.0278,94.6193,94.627,95.1921,
2019-09-05,94.24,94.38,88.51,92.69,5055702.0,191.7967,191.7149,194.0447,94.082,94.4397,95.0437,
2019-09-04,93.95,96.0,93.1801,93.53,2418109.0,190.8442,191.2734,194.0493,93.9969,94.4457,94.9861,
2019-09-03,91.5,94.24,90.75,92.46,1540324.0,190.8898,191.3891,194.0935,93.4246,94.2902,95.0961,
2019-08-30,91.82,92.42,89.02,91.67,1186951.0,191.6705,191.847,194.1575,93.1916,94.2952,95.2419,
2019-08-29,91.5,92.68,90.7,90.87,851973.0,191.1843,191.6701,194.1778,93.412,94.4828,95.5403,
2019-08-28,91.16,91.38,88.7111,90.16,1148101.0,190.2374,191.3572,194.1926,93.6212,94.663,95.7756,
2019-08-27,92.6,93.69,90.44,91.73,890671.0,190.3852,191.6718,194.2496,94.2615,94.9913,95.988,
2019-08-26,92.33,93.5,91.45,91.76,698857.0,191.6112,192.5026,194.3344,94.4248,95.1215,96.1631,
2019-08-23,93.14,94.1296,90.41,91.63,1373215.0,192.0898,192.9133,194.3838,94.689,95.2836,96.3845,
2019-08-22,93.48,95.5,91.57,93.87,883145.0,193.8811,193.8925,194.4627,94.8488,95.399,96.6054,
2019-08-21,92.86,94.1805,92.3539,93.01,760434.0,193.6543,193.7942,194.4644,94.6628,95.3889,96.7791,
2019-08-20,93.0,93.57,91.14,91.41,746950.0,192.9677,193.5201,194.4569,94.8006,95.5098,96.9195,
2019-08-19,94.18,96.2,92.89,93.17,1226647.0,192.7936,193.5655,194.4722,95.1522,95.7038,97.1678,
2019-08-16,92.12,95.0,92.0801,92.53,1267686.0,192.0082,193.388,194.4736,94.8528,95.6541,97.2215,
2019-08-15,92.77,93.44,89.69,90.64,1085845.0,191.6117,193.5184,194.4961,94.8107,95.7195,96.9165,
2019-08-14,93.2,94.5215,89.89,92.65,1265666.0,192.9958,194.5572,194.5719,95.2024,95.9475,96.6597,
2019-08-13,92.06,96.2228,92.06,95.45,1172874.0,194.6267,195.6291,194.6369,95.3969,96.0901,96.3469,
2019-08-12,93.05,94.18,91.11,92.16,779341.0,194.4807,195.787,194.6331,95.1609,96.0768,96.0613,
2019-08-09,94.79,95.49,93.31,94.2,802311.0,195.4986,196.5296,194.6625,95.4412,96.2665,95.8411,
2019-08-08,93.57,95.84,93.0201,95.77,925610.0,195.749,196.87,194.658,95.4273,96.3442,95.5507,
2019-08-07,89.02,93.16,88.0201,92.45,996134.0,194.8829,196.7342,194.6201,95.3093,96.3946,95.1925,
2019-08-06,91.5,92.2899,88.1,90.43,1028654.0,195.5577,197.4455,194.6347,95.9234,96.718,94.9171,
2019-08-05,90.7,91.19,87.29,89.69,1774360.0,196.743,198.3918,194.6541,96.9616,97.1609,94.6963,
2019-08-02,94.92,96.0,92.5658,93.66,1117100.0,199.6043,200.0299,194.7029,98.6106,97.7579,94.5025,
2019-08-01,95.75,98.66,93.8,95.1,1530366.0,200.8736,200.6887,194.6711,99.3565,97.9337,94.2965,
2019-07-31,96.43,97.5,93.5,95.51,1514734.0,201.5062,200.9287,194.6049,99.5555,97.8611,94.1173,
2019-07-30,95.19,99.35,94.03,95.49,1635487.0,201.5893,200.8373,194.5145,100.1427,97.8972,93.9965,
2019-07-29,102.6,102.9975,92.1,96.47,4230283.0,200.9273,200.3759,194.4017,100.3692,97.7519,93.8151,
2019-07-26,97.95,104.49,97.83,102.2,3040689.0,200.8297,200.2101,194.3115,99.6183,97.2274,93.5061,
2019-07-25,95.84,99.6,95.75,97.11,1870276.0,200.065,199.7325,194.2035,98.2264,96.5011,93.0163,
2019-07-24,97.12,97.88,94.685,95.94,1283718.0,200.1845,199.7117,194.128,97.8339,96.1912,92.562,
2019-07-23,97.5,98.15,93.52,97.39,2241650.0,199.0575,199.1058,194.0165,97.8208,96.0223,92.1522,
2019-07-22,94.19,97.465,93.505,96.67,1483400.0,198.9354,199.0622,193.9455,97.7267,95.8096,91.784,
2019-07-19,97.15,97.79,92.88,93.38,1747704.0,199.1826,199.2002,193.8852,97.8015,95.644,91.3745,
2019-07-18,99.24,99.5,95.0164,95.19,2035569.0,199.5682,199.3755,193.8244,97.8048,95.4294,90.9887,
2019-07-17,97.62,101.9868,97.5401,99.73,2314102.0,199.4442,199.2776,193.744,97.3205,95.0224,90.5597,
2019-07-16,100.14,100.5,96.5,97.1,2120142.0,199.8221,199.4085,193.6776,95.9872,94.326,90.1358,
2019-07-15,94.0,100.65,93.78,99.8,3835592.0,199.8498,199.3289,193.5959,94.6979,93.7085,89.7308,
2019-07-12,93.01,94.93,91.37,93.3,2689652.0,199.7478,199.1679,193.5092,92.9972,93.0144,89.2356,
2019-07-11,92.9,93.2,90.452,91.4,1784559.0,199.4018,198.8852,193.4162,92.445,92.8228,88.876,
2019-07-10,91.76,93.45,91.55,92.72,2059621.0,199.5903,198.8542,193.3409,92.2293,92.7851,88.4624,
2019-07-09,90.27,91.27,89.1,90.93,1557350.0,199.3586,198.5877,193.2508,91.8805,92.7186,87.9634,
2019-07-08,91.44,92.79,89.89,90.76,1793297.0,199.3425,198.4092,193.1684,92.055,92.8635,87.4778,
2019-07-05,90.14,91.97,88.0,91.88,2582697.0,199.6102,198.3207,193.0927,91.845,92.8709,86.959,
2019-07-03,85.45,90.6,84.51,90.45,2706066.0,199.0669,197.7927,192.9906,91.8093,92.9609,86.5496,
2019-07-02,86.27,86.85,84.0,85.13,1868892.0,198.2272,197.1363,192.8865,92.1548,93.197,86.221,
2019-07-01,85.13,87.79,83.1,86.86,5326805.0,197.8037,196.7057,192.8035,93.6704,93.8317,85.862,
2019-06-28,91.76,92.2,87.25,88.79,3228290.0,196.6044,195.9287,192.7042,95.3505,94.4359,85.4262,
2019-06-27,89.7,92.33,87.8,90.27,3019517.0,195.5328,195.3022,192.623,96.2507,94.6595,,
2019-06-26,87.92,89.08,84.605,86.33,2680016.0,194.7465,194.9016,192.5629,97.3709,94.8924,,
2019-06-25,89.43,91.5,84.63,85.03,3748955.0,195.6796,195.3507,192.5586,99.7397,95.4737,,
2019-06-24,100.85,101.4997,88.88,89.41,6011186.0,196.822,195.7854,192.5474,102.0939,95.8711,,
2019-06-21,101.42,101.5316,97.82,100.47,2972517.0,197.8182,195.9978,192.5168,102.2637,95.3082,,
2019-06-20,105.01,107.34,101.6209,102.3,2460733.0,197.2496,195.3405,192.4303,102.4729,94.6859,,
2019-06-19,100.49,104.4446,98.63,102.39,2592675.0,196.0998,194.4053,192.3348,101.0823,93.4204,,
2019-06-18,100.39,102.0,97.51,99.64,2272387.0,194.954,193.5194,192.2535,100.1216,92.318,,
2019-06-17,101.0,102.4465,97.0,98.11,2128508.0,193.725,192.6544,192.1842,99.585,91.3498,,
2019-06-14,100.47,104.57,99.25,100.29,1889325.0,192.9302,192.0633,192.1422,98.7674,90.2402,,
2019-06-13,105.1,105.1719,98.55,100.95,3189094.0,192.8766,191.8468,192.1302,97.1095,88.8072,,
2019-06-12,94.6,104.185,94.0,102.77,3156886.0,191.838,191.1563,192.0923,94.8059,87.1707,,
2019-06-11,101.0,101.2,91.57,94.87,4372431.0,191.4555,190.8349,192.0855,92.1262,85.4693,,
2019-06-10,98.51,105.985,96.0,102.0,4852773.0,191.0942,190.5364,192.0842,89.5337,83.8962,,
2019-06-07,93.66,98.8896,92.5,94.05,9487775.0,190.0732,189.9586,192.0701,84.8333,81.6873,,
2019-06-06,77.4,79.75,77.03,79.43,3024047.0,189.2232,189.5554,192.0741,80.8173,79.9671,,
2019-06-05,80.14,80.6,76.24,78.04,1295760.0,188.8866,189.4797,192.1033,81.1222,79.9888,,
2019-06-04,78.2,78.88,76.62,78.74,1134900.0,188.0558,189.2422,192.1242,81.2714,79.9277,,
2019-06-03,80.0,81.94,75.65,75.9,1570466.0,186.9578,189.0179,192.1493,81.9546,80.0325,,
2019-05-31,78.77,83.17,77.78,79.73,1594298.0,187.9679,189.9246,192.2461,81.9588,79.8417,,
2019-05-30,76.68,80.97,76.6,80.42,1996030.0,189.3103,190.956,192.3396,81.6127,79.5089,,
2019-05-29,77.0,77.93,73.5831,75.77,1512129.0,189.9902,191.624,192.3985,81.7964,79.3628,,
2019-05-28,76.8,79.39,76.8,77.77,1641491.0,191.1189,192.4886,192.4611,82.9011,79.506,,
2019-05-24,80.48,81.2499,74.2,76.25,2946767.0,191.6906,193.0471,192.4945,83.9042,79.5176,,
2019-05-23,81.25,81.5,77.26,78.76,2855970.0,192.1235,193.541,192.5169,84.6626,79.3444,,
2019-05-22,84.63,85.7,82.0,82.43,1596424.0,193.578,194.5024,192.5612,85.5662,79.1289,,
2019-05-21,86.63,89.7,84.5,85.44,2576024.0,193.8383,194.8235,192.5546,85.528,78.4717,,
2019-05-20,90.1,91.46,83.27,84.67,3666775.0,193.4237,194.8582,192.5262,84.336,77.3489,,
2019-05-17,82.25,90.28,81.88,89.98,3442549.0,194.4071,195.614,192.5406,82.3006,75.9378,,
2019-05-16,80.12,87.55,79.25,83.4,4580684.0,195.1413,196.2085,192.5352,80.0207,,,
2019-05-15,73.4,80.0,72.21,79.76,2426504.0,194.8201,196.303,192.4916,77.8695,,,
2019-05-14,74.12,76.8851,73.11,73.14,1950421.0,195.0348,196.7279,192.4661,77.2608,,,
2019-05-13,77.39,77.39,70.6,72.54,2873222.0,195.9001,197.4887,192.4549,77.3681,,,
2019-05-10,75.79,79.74,74.77,79.63,1555091.0,198.4821,198.9893,192.4779,77.3619,,,
2019-05-09,76.85,76.99,74.0,75.21,1348243.0,199.0461,199.3526,192.4125,76.6824,,,
2019-05-08,74.61,78.5,74.03,77.68,2265503.0,199.8673,199.7858,192.3455,76.5946,,,
2019-05-07,77.85,78.05,73.25,73.33,1975220.0,200.7386,200.1549,192.2679,76.0501,,,
2019-05-06,75.01,80.79,74.5,78.24,2051824.0,201.5516,200.3865,192.176,75.4788,,,
2019-05-03,75.0,80.25,75.0,79.18,2590281.0,200.514,199.6664,192.0223,73.9613,,,
2019-05-02,72.75,75.89,69.6912,75.5,2525285.0,199.1502,198.872,191.8717,72.1645,,,
2019-05-01,72.72,76.95,70.8159,72.76,3301900.0,199.179,198.8229,191.7748,71.1,,,
2019-04-30,68.4,72.52,66.67,72.47,4113123.0,199.8345,199.0351,191.693,69.4286,,,
